part,outcome,spec,term,b,se,lb,ub,p,N,note,p_holm,p_bh
TableS1,phq4,XD,2.agegrp,0.3936058825278409,0.48591598368689176,-0.5635587760569066,1.3507705411125883,0.41871948805688297,256.0,,,
TableS1,phq4,XD,3.agegrp,1.2704742542095722,0.7768658543544952,-0.2598078628909686,2.800756371310113,0.1032684841228672,256.0,,,
TableS1,phq4,XD,4.agegrp,-0.9763031922460861,0.5931804355727262,-2.144758991510293,0.19215260701812054,0.10108677684246631,256.0,,,
TableS1,phq4,XD,2.sex_birth,-0.33521161075573574,0.42690276703948904,-1.176131142074416,0.5057079205629447,0.43309398769237256,256.0,,,
TableS1,phq4,XD,2.educ,1.122231049549463,0.933651263387937,-0.7168893390767666,2.9613514381756927,0.23054577124729422,256.0,,,
TableS1,phq4,XD,3.educ,-0.597389925264681,0.6108405875135566,-1.8006329590930668,0.6058531085637047,0.3290608085447042,256.0,,,
TableS1,phq4,XD,4.educ,0.008631240884460878,0.8761851136873864,-1.7172914563611312,1.734553938130053,0.992148335655887,256.0,,,
TableS1,phq4,XD,2.relstat,0.4051842577420594,0.4420653306484562,-0.4656027208458557,1.2759712363299744,0.36027997566670267,256.0,,,
TableS1,phq4,XD,3.relstat,,,,,,,Fewer than 10 respondents: not reported,,
TableS1,phq4,XD,9.relstat,,,,,,,Fewer than 10 respondents: not reported,,
TableS1,phq4,XD,2.region,0.6239061650026106,0.48177227989896765,-0.32509616314930967,1.572908493154531,0.19654642652208526,256.0,,,
TableS1,phq4,XD,3.region,1.4783894499241117,0.7031366397881439,0.0933402555042886,2.863438644343935,0.0365372715405168,256.0,,,
TableS1,phq4,XD,4.region,0.7227914797319007,0.8220556496079284,-0.8965061799673347,2.342089139431136,0.3801385829386714,256.0,,,
H1,phq4,XD,S,1.718187615261013,0.4944642098575807,0.7441642195666363,2.69221101095539,0.0006059844197855387,256.0,MDE approx. 1.38,,
PerSD,phq4,"XD, per SD of S",S,0.8192655621410299,0.23577023559563487,0.35483209880772265,1.2836990254743372,0.0006059844197855387,256.0,SD of S = 0.477; standardized coefficient = 0.257,,
H1_TOST,phq4,"XD, 90% CI",S,1.718187615261013,0.4944642098575807,0.9017278951230898,2.534647335398936,0.9261622570466544,256.0,SESOI +/-1.0; equivalence: no,,
H1,phq4,XD + XJ,S,1.929463618788388,0.6507689305229066,0.6450979476556526,3.213829289921123,0.003450308002689458,225.0,,,
H2a,gad2,XD,S,0.7507616409316387,0.2609071636814326,0.2368120436429414,1.264711238220336,0.0043679524407286415,256.0,MDE approx. 0.73,0.008735904881457283,
PerSD,gad2,"XD, per SD of S",S,0.35797787874192316,0.12440565408662842,0.11291662815729689,0.6030391293265495,0.0043679524407286415,256.0,SD of S = 0.477; standardized coefficient = 0.216,,
H2a,gad2,XD + XJ,S,0.8682060233636509,0.34641363030819433,0.1845197655965396,1.5518922811307623,0.013113530530048515,225.0,,,
H2b,phq2,XD,S,0.9674259743293745,0.2662447208721326,0.44296215684848983,1.4918897918102592,0.0003415557337911708,256.0,MDE approx. 0.75,0.0010246672013735124,
PerSD,phq2,"XD, per SD of S",S,0.46128768339910686,0.12695070606666753,0.21121304636022054,0.7113623204379932,0.0003415557337911708,256.0,SD of S = 0.477; standardized coefficient = 0.257,,
H2b,phq2,XD + XJ,S,1.061257595424737,0.3467414511994396,0.37692434626137494,1.745590844588099,0.0025566586108648117,225.0,,,
H1,phq4,"XD, prefer not to answer as missing",S,1.7857782718235768,0.5035778572199002,0.7936303866331997,2.7779261570139537,0.0004723839406014471,247.0,,,
H3_a,C,C,S,0.2544712289471007,0.17166958888356432,-0.08370745899219645,0.5926499168863979,0.13956945318183386,254.0,,,
H3_b,phq4,C,C,0.308592131847016,0.1891198095172482,-0.06397039977018437,0.6811546634642164,0.10405918490393778,254.0,,,
H3_c,phq4,C,S,1.876030863786101,0.5208373405981158,0.849990922918316,2.902070804653886,0.0003844317984658104,254.0,,,
H3,phq4,C,"max(p_a, p_b)",,,,,0.13956945318183386,254.0,a > 0: 1; b > 0: 1,0.13956945318183386,
H3_a,C3,C3,S,0.29411374077737046,0.17773490835350106,-0.056013258995230464,0.6442407405499714,0.09927991892830343,254.0,,,
H3_b,phq4,C3,C3,0.24843555542128093,0.1745488601764532,-0.09542247512683677,0.5922935859693986,0.15595847505355587,254.0,,,
H3_c,phq4,C3,S,1.8814903722735583,0.5207568292404263,0.8556090372933391,2.9073717072537777,0.00036924116330610597,254.0,,,
H3,phq4,C3,"max(p_a, p_b)",,,,,0.15595847505355587,254.0,a > 0: 1; b > 0: 1,,
H3_ab,phq4,percentile bootstrap,a*b,0.0785278190345159,0.07292037174341769,-0.03306435508507768,0.2470806518954871,,254.0,5000 resamples,,
E1,phq4,low vs. none,1.S3,0.8961244171338272,0.44283010860269933,0.02379443345661525,1.7684544008110392,0.04411652661382123,256.0,,,
E1,phq4,high vs. none,2.S3,2.2147422977435633,0.53765027947284,1.1556262837116933,3.2738583117754336,5.2332378965576835e-05,256.0,,,
E2,phq4,situation 1,1.stig1_any,1.560753065516376,0.4583668576256316,0.6577593504206558,2.4637467806120963,0.0007768286429466742,252.0,,,0.0027189002503133597
E2,phq4,situation 2,1.stig2_any,1.7658622442604577,0.4667455993634826,0.8462396165556392,2.685484871965276,0.00019716579949883228,246.0,,,0.001380160596491826
E2,phq4,situation 3,1.stig3_any,0.5719836709520221,0.6120540339377484,-0.6341367171126229,1.778104059016667,0.3510362038792972,239.0,,,0.4338819617339622
E2_notest,phq4,situation 4,1.stig4_any,,,,,,,Fewer than 10 respondents in one group,,
E2,phq4,situation 5,1.stig5_any,0.8266021172827793,0.9237272170439588,-0.99446573341613,2.6476699679816886,0.37189882434339616,223.0,,,0.4338819617339622
E2,phq4,situation 6,1.stig6_any,0.9745078991006425,0.7651654172516109,-0.5332990596534187,2.482314857854704,0.20412246350034996,240.0,,,0.3572143111256124
E2,phq4,situation 7,1.stig7_any,1.1647571854377883,0.6671067732703998,-0.14981899938515286,2.479333370260729,0.08217874920718946,240.0,,,0.1917504148167754
E2,phq4,situation 8,1.stig8_any,0.36129588750699143,1.2233283798532402,-2.052258269760957,2.77485004477494,0.7680683588570602,199.0,,,0.7680683588570602
E2_contrast,phq4,event-based,S_event,1.2112722528323863,0.38819177703561664,0.4465579741969953,1.9759865314677771,0.0020288319190009964,255.0,,,
E2_contrast,phq4,attribution-dependent,S_attr,0.1775935773658529,0.5196489594673588,-0.8460833851326414,1.201270539864347,0.7328342096362783,255.0,stig5 stig6,,
E2_contrast,phq4,attribution-dependent minus event-based,difference,-1.0336786754665335,0.7710466892974865,-2.5525939325154616,0.4852365815823947,0.18131754749308265,255.0,,,
AnxDep,gad2 - phq2,suest,S,-0.21666433339773578,0.1704211342818481,-0.5506836214293239,0.11735495463385237,0.20360536311584654,256.0,,,
E4,phq4,S x female (ref. male),2.sex_birth#c.S,1.0978857319153041,0.9893612825990741,-0.8510547189130544,3.0468261827436627,0.268242660270937,256.0,,,0.4023639904064055
E4,phq4,S x lesbian (ref. bisexual or pansexual),2.orient3#c.S,-0.9080760982650097,1.1911978196796582,-3.2561855057273412,1.4400333091973216,0.44671526298122655,231.0,,,0.44671526298122655
E4,phq4,S x gay (ref. bisexual or pansexual),3.orient3#c.S,-1.356448547267377,1.1324422467452286,-3.5887379697793707,0.8758408752446165,0.23232917991000518,231.0,,,0.4023639904064055
E5,phq4,S x Q,c.S#c.Qc,-1.1888758912245319,0.7317200541882091,-2.6307421430993996,0.2529903606503361,0.10560560351719503,243.0,,,
E5_aux,phq4,S at mean Q,S,2.3429808997254153,0.5505015795526034,1.2582085955942748,3.4277532038565557,3.0496111347397242e-05,243.0,,,
E5_aux,phq4,Q at S = 0,Qc,-0.19560226487279395,0.2733463766752115,-0.7342357399898874,0.3430312102442995,0.4749869690535956,243.0,,,
Robust,phq4,any exposure,1.ever_exposed,0.7481103195120145,0.5144298092721863,-0.265263745186219,1.7614843842102479,0.14718309787142292,256.0,,,
Robust,phq4,intensity among exposed,S_exposed,1.2154861759946047,0.6506730514403188,-0.06627312924581386,2.4972454812350233,0.06297448904231251,256.0,,,
Robust,phq4,restricted cubic spline,Ssp1,3.1318774795076028,1.1575380220509117,0.8516460673581605,5.412108891657045,0.00730631673221813,256.0,test of nonlinearity: p = 0.231,,
Robust,phq4,"fractional logit, AME x 12",S,1.6085516242885864,0.3787326094909522,0.8662493440602617,2.350853904516911,2.164625814551404e-05,256.0,,,
Robust,phq4,excluding flagged responses,S,1.6887374271658686,0.5007081435454148,0.7020602902738531,2.675414564057884,0.000876240655021183,240.0,,,
Robust,phq4,excluding Cook's distance > 4/n,S,1.5696753077492387,0.3786238577626324,0.8234624455431302,2.3158881699553473,4.843105746790721e-05,234.0,,,
Robust,phq4,"restricted wild bootstrap, Webb",S,1.718187615261013,,0.7459574720826493,2.7500662525290114,0.00030003000300030005,256.0,9999 replications,,
Robust,phq4,adding sexual orientation group,S,1.7361387883102708,0.5032962852952182,0.7446544023976576,2.727623174222884,0.0006641003894979174,256.0,,,
Robust,phq4,"multiple imputation, m = 20",S,1.955221822032214,0.4740630728386864,1.0216422878097924,2.8888013562546355,5.0349060356321105e-05,300.0,"df 254.9; FMI~0.058; missing: phq4 22, S 3, C 10, Q 23, agegrp 5, sex_birth 9, educ 4, relstat 2, region 4",,
PostHoc,phq4,unadjusted,S,1.5338539252587062,0.5189120614272987,0.5119357334967909,2.555772117020622,0.003410721027363283,256.0,,,
PostHoc,phq4,adding disclosure at work,S,1.808908365289322,0.49524644360316417,0.8332609803241208,2.7845557502545235,0.0003196033880088187,256.0,,,
PostHoc,phq4,adding work experience,S,1.7825103338131036,0.5144397292157264,0.7690296753663677,2.7959909922598394,0.000629781794951062,256.0,,,
PostHoc,phq4,XD without relationship status and region,S,1.6803671120221768,0.4985855606126755,0.6983456351181289,2.6623885889262247,0.0008712737900955834,256.0,,,
