kiem_dinh,thong_ke,df,p,ghi_chu
Breusch-Pagan,13.829422087635066,1.0,0.00020017693035103665,
Ramsey RESET,2.174200796977104,3.0,0.09172435335044127,"F(3,238)"
Số quan sát Cook > 4/n,22.0,,,
Số quan sát đòn bẩy > 2k/n,15.0,,,
Đòn bẩy lớn nhất,0.22429702854909983,,,
GVIF S,1.0312854380435552,1.0,,GVIF^(1/(2df)) = 1.016
GVIF agegrp,1.404405609832086,3.0,,GVIF^(1/(2df)) = 1.058
GVIF sex_birth,1.0747825555423418,1.0,,GVIF^(1/(2df)) = 1.037
GVIF educ,1.2341710510863333,3.0,,GVIF^(1/(2df)) = 1.036
GVIF relstat,1.2448741917778918,3.0,,GVIF^(1/(2df)) = 1.037
GVIF region,1.1442496903432946,3.0,,GVIF^(1/(2df)) = 1.023
