part,outcome,spec,term,b,se,lb,ub,p,p_holm,p_bh,N,note
Bang6,phq4,XD,2.agegrp,0.39360588252783624,0.48591598368689176,-0.5635587760569115,1.3507705411125839,0.41871948805688863,,,256.0,
Bang6,phq4,XD,3.agegrp,1.2704742542095704,0.7768658543544947,-0.2598078628909699,2.8007563713101105,0.10326848412286753,,,256.0,
Bang6,phq4,XD,4.agegrp,-0.976303192246092,0.5931804355727262,-2.1447589915102987,0.19215260701811487,0.10108677684246437,,,256.0,
Bang6,phq4,XD,2.sex_birth,-0.3352116107557336,0.42690276703948915,-1.1761311420744143,0.5057079205629472,0.4330939876923756,,,256.0,
Bang6,phq4,XD,2.educ,1.1222310495494576,0.9336512633879374,-0.716889339076773,2.9613514381756882,0.23054577124729675,,,256.0,
Bang6,phq4,XD,3.educ,-0.5973899252646824,0.6108405875135567,-1.8006329590930685,0.6058531085637038,0.3290608085447033,,,256.0,
Bang6,phq4,XD,4.educ,0.008631240884458113,0.8761851136873859,-1.7172914563611335,1.7345539381300499,0.9921483356558896,,,256.0,
Bang6,phq4,XD,2.relstat,0.4051842577420579,0.44206533064845616,-0.4656027208458573,1.2759712363299731,0.36027997566670455,,,256.0,
Bang6,phq4,XD,3.relstat,,,,,,,,,Dưới 10 người: không xuất
Bang6,phq4,XD,9.relstat,,,,,,,,,Dưới 10 người: không xuất
Bang6,phq4,XD,2.region,0.6239061650026093,0.48177227989896715,-0.3250961631493102,1.5729084931545287,0.19654642652208565,,,256.0,
Bang6,phq4,XD,3.region,1.4783894499241086,0.703136639788144,0.09334025550428482,2.8634386443439324,0.036537271540517176,,,256.0,
Bang6,phq4,XD,4.region,0.722791479731902,0.8220556496079283,-0.8965061799673334,2.3420891394311374,0.38013858293867075,,,256.0,
H1,phq4,XD,S,1.7181876152610036,0.49446420985757833,0.7441642195666318,2.6922110109553756,0.0006059844197855425,,,256.0,MDE ~ 1.38
H1_TOST,phq4,"XD, CI 90%",S,1.718187615261004,0.4944642098575783,0.9017278951230842,2.534647335398924,0.9261622570466529,,,256.0,SESOI +/-1.0; không kết luận được tương đương
H1,phq4,XD + XJ,S,1.9294636187884107,0.650768930522908,0.6450979476556724,3.213829289921149,0.0034503080026891506,,,225.0,
H2a,gad2,XD,S,0.7507616409316338,0.2609071636814316,0.2368120436429385,1.264711238220329,0.004367952440728755,0.00873590488145751,,256.0,MDE ~ 0.73
H2a,gad2,XD + XJ,S,0.8682060233636599,0.34641363030819483,0.18451976559654748,1.5518922811307725,0.013113530530047718,,,225.0,
H2b,phq2,XD,S,0.9674259743293682,0.26624472087213147,0.44296215684848583,1.4918897918102505,0.00034155573379118055,0.0010246672013735417,,256.0,MDE ~ 0.75
H2b,phq2,XD + XJ,S,1.0612575954247485,0.3467414511994406,0.3769243462613844,1.7455908445881128,0.0025566586108646152,,,225.0,
H1,phq4,"XD, PNTA = missing",S,1.7857782718235686,0.5035778572199001,0.7936303866331917,2.7779261570139457,0.00047238394060147355,,,247.0,
H3_a,C,C,S,0.2544712289470758,0.17166958888356298,-0.08370745899221854,0.5926499168863701,0.13956945318186928,,,254.0,
H3_b,phq4,C,C,0.30859213184701634,0.18911980951724847,-0.06397039977018437,0.681154663464217,0.10405918490393802,,,254.0,
H3_c,phq4,C,S,1.8760308637860974,0.5208373405981158,0.8499909229183129,2.902070804653882,0.00038443179846582045,,,254.0,
H3,phq4,C,"max(p_a, p_b)",,,,,0.1395694531818693,0.1395694531818693,,254.0,a>0: 1; b>0: 1
H3_a,C3,C3,S,0.2941137407773454,0.17773490835349942,-0.05601325899525206,0.6442407405499428,0.0992799189283289,,,254.0,
H3_b,phq4,C3,C3,0.24843555542128318,0.17454886017645313,-0.09542247512683424,0.5922935859694006,0.1559584750535521,,,254.0,
H3_c,phq4,C3,S,1.8814903722735545,0.5207568292404263,0.8556090372933358,2.9073717072537733,0.0003692411633061157,,,254.0,
H3,phq4,C3,"max(p_a, p_b)",,,,,0.1559584750535521,,,254.0,a>0: 1; b>0: 1
H3_ab,phq4,bootstrap percentile,a*b,0.0785278190345083,,-0.0281093344092369,0.2504385709762573,,,,254.0,5000 lần; chỉ cho tài liệu bổ sung
E1,phq4,thấp so với không gặp,1.S3,0.896124417133839,0.4428301086026992,0.023794433456627906,1.7684544008110499,0.04411652661381838,,,256.0,
E1,phq4,cao so với không gặp,2.S3,2.2147422977435784,0.5376502794728397,1.15562628371171,3.273858311775447,5.233237896557021e-05,,,256.0,
E2,phq4,stig1,1.stig1_any,1.5607530655163746,0.4583668576256317,0.657759350420655,2.463746780612094,0.0007768286429466808,,0.002718900250313383,252.0,
E2,phq4,stig2,1.stig2_any,1.7658622442604563,0.4667455993634824,0.8462396165556375,2.6854848719652753,0.00019716579949883355,,0.001380160596491835,246.0,
E2,phq4,stig3,1.stig3_any,0.5719836709520209,0.6120540339377487,-0.6341367171126243,1.7781040590166661,0.3510362038792987,,0.43388196173395754,239.0,
E2_bo_qua,phq4,stig4,1.stig4_any,,,,,,,,,Dưới 10 người ở một nhóm
E2,phq4,stig5,1.stig5_any,0.8266021172827871,0.9237272170439593,-0.9944657334161238,2.647669967981698,0.37189882434339216,,0.43388196173395754,223.0,
E2,phq4,stig6,1.stig6_any,0.9745078991006406,0.7651654172516112,-0.5332990596534228,2.4823148578547043,0.2041224635003511,,0.3572143111256144,240.0,
E2,phq4,stig7,1.stig7_any,1.1647571854377823,0.6671067732703997,-0.14981899938515997,2.4793333702607248,0.08217874920719091,,0.19175041481677882,240.0,
E2,phq4,stig8,1.stig8_any,0.361295887506989,1.22332837985324,-2.052258269760958,2.774850044774936,0.7680683588570614,,0.7680683588570614,199.0,
E2_doi_chieu,phq4,sự kiện,S_event,1.2112722528323767,0.38819177703561425,0.44655797419699084,1.9759865314677625,0.0020288319190010294,,,255.0,
E2_doi_chieu,phq4,quy nguyên,S_attr,0.1775935773658532,0.5196489594673558,-0.8460833851326346,1.201270539864341,0.7328342096362763,,,255.0,stig5 stig6
E2_doi_chieu,phq4,quy nguyên - sự kiện,hiệu,-1.033678675466523,0.7710466892974812,-2.55259393251544,0.4852365815823934,0.1813175474930841,,,255.0,
E_lo_au_tram_cam,gad2 - phq2,suest,S,-0.2166643333977344,0.1704211342818473,-0.5506836187946194,0.1173549519991505,0.2036053631158472,,,256.0,
E4,phq4,S x nữ (giới tính khi sinh),2.sex_birth#c.S,1.0978857319153266,0.9893612825990705,-0.8510547189130233,3.0468261827436764,0.26824266027092547,,0.4023639904063882,256.0,
E4,phq4,S x đồng tính nữ,2.orient3#c.S,-0.908076098265014,1.191197819679663,-3.2561855057273545,1.4400333091973263,0.44671526298122644,,0.44671526298122644,231.0,
E4,phq4,S x đồng tính nam,3.orient3#c.S,-1.3564485472673808,1.132442246745229,-3.588737969779374,0.8758408752446127,0.23232917991000412,,0.4023639904063882,231.0,
E5,phq4,S x DEI,c.S#c.Qc,-1.1888758912245183,0.7317200541882031,-2.630742143099374,0.2529903606503372,0.10560560351719615,,,243.0,
E5_phu,phq4,S tại DEI trung bình,S,2.3429808997253736,0.5505015795526031,1.258208595594234,3.427753203856513,3.0496111347406627e-05,,,243.0,
E5_phu,phq4,DEI khi S = 0,Qc,-0.19560226487280213,0.2733463766752112,-0.7342357399898949,0.34303121024429056,0.4749869690535766,,,243.0,
Ben_vung,phq4,đã gặp kỳ thị,1.ever_exposed,0.74811031951202,0.5144298092721845,-0.265263745186209,1.761484384210249,0.14718309787141853,,,256.0,
Ben_vung,phq4,cường độ trong số đã gặp,S_exposed,1.215486175994595,0.6506730514403144,-0.06627312924581386,2.497245481235004,0.0629744890423128,,,256.0,
Ben_vung,phq4,spline bậc ba,Ssp1,3.1318772956725205,1.1575389659835469,0.8516440240724141,5.412110567272627,0.007306367194617858,,,256.0,Kiểm định phi tuyến: p = 0.231
Ben_vung,phq4,"fracreg logit, AME x 12",S,1.608551623175851,0.3787326092752881,0.8662493492254065,2.350853897126296,2.16462581957e-05,,,256.0,
Ben_vung,phq4,bỏ phiếu chất lượng thấp,S,1.68873742716587,0.5007081435454136,0.7020602902738559,2.675414564057884,0.0008762406550211487,,,240.0,
Ben_vung,phq4,bỏ quan sát Cook > 4/n,S,1.5696753077492491,0.3786238577626335,0.8234624455431382,2.31588816995536,4.843105746790424e-05,,,234.0,
Ben_vung,phq4,"wild bootstrap, Webb",S,1.718187615261004,,0.7658029205807083,2.734674655942923,0.0005000500050005,,,256.0,9999 lần
Ben_vung,phq4,thêm xu hướng tính dục vào XD,S,1.7361387883102921,0.503296285295217,0.7446544023976817,2.7276231742229027,0.0006641003894978,,,256.0,
Ben_vung,phq4,"gán giá trị đa lần, m = 20",S,1.909821501249846,0.4582290973276032,1.007667701700952,2.81197530079874,4.14401387424e-05,,,300.0,df =  270.2
