spec,b,se,lb,ub,p,sd_index,N,b_sd,lb_sd,ub_sd
S_complete7|XD|consistent|keep,1.23908136172263,0.6083122339853388,0.03560835761233072,2.442554365832929,0.04368852448589821,0.522048839676804,145,0.6468609871524533,0.018589301774313945,1.2751326725305927
S_complete7|XDXJ|self|keep,1.3149447769062375,0.78532103346478,-0.24622176839737775,2.8761113222098524,0.09768436022363293,0.5146113279130333,136,0.6766854777760262,-0.1267085111960699,1.4800794667481223
S_complete7|XD|self|keep,1.3568010104926003,0.6037744578942309,0.16325302445256473,2.5503489965326356,0.026169422298684405,0.5124448256743265,157,0.6952856572966305,0.08365816765640109,1.30691314693686
S_complete7|XDXJ|consistent|keep,1.341401500156645,0.9198108235327503,-0.490955622677522,3.173758622990812,0.14892062794738292,0.5253294524150728,125,0.7046777155460475,-0.2579134484212837,1.6672688795133788
S_complete7|XD|consistent|drop,1.5690017524483229,0.6471886865994493,0.28782710709812487,2.8501763977985206,0.016803061156537683,0.49880685885126164,137,0.7826288356708727,0.14357013518386133,1.421687536157884
S8|XD|self|keep,1.7589017794749229,0.5497488448085752,0.6759756021612224,2.8418279567886233,0.001561639962838774,0.454818065680123,256,0.7999803050621107,0.30744591582192354,1.2925146943022978
S|XD|self|keep,1.7181876152610036,0.49446420985757833,0.7441642195666318,2.6922110109553756,0.0006059844197855425,0.47681961787192473,256,0.8192655621410254,0.3548320988077205,1.2836990254743303
S8|XD|consistent|keep,1.765394043530696,0.5516709096775325,0.678185139037067,2.852602948024325,0.001575778454576403,0.4654227100831241,236,0.8216544801046612,0.31564276534873204,1.3276661948605903
S_complete7|XD|self|drop,1.692622746979019,0.6487910527903823,0.40942709115373654,2.9758184028043013,0.010115450542464875,0.4894353589711397,149,0.8284294217703927,0.20038809533133858,1.4564707482094468
S_count7|XD|self|keep,0.6308050261224558,0.17560872367714148,0.2848810908009671,0.9767289614439445,0.0003975409516542173,1.3180496583819534,256,0.8314323491863221,0.3754874244096929,1.2873772739629512
S|XD|consistent|keep,1.723082436815109,0.5011895187662058,0.7353600500030074,2.7108048236272104,0.0007002449753634852,0.4873919176530812,236,0.83981645315366,0.3584085449364315,1.3212243613708887
S_count7|XD|consistent|keep,0.6318056128987315,0.17778569487611035,0.2814333399183088,0.9821778858791541,0.00046430250002684056,1.3442991784881102,236,0.8493357663839417,0.37833060765134763,1.3203409251165357
S8|XDXJ|self|keep,1.843241696396991,0.7186617636949316,0.42488188363855683,3.261601509155425,0.011162056842688839,0.4608667319966843,225,0.8494887768985059,0.19581392519709717,1.5031636285999144
S_count7|XDXJ|self|keep,0.6773801328190993,0.23004855394230145,0.22335343990398765,1.131406825734211,0.003674287842541532,1.3174349777635785,225,0.8924042802180199,0.2942536341333287,1.4905549263027111
S|XD|self|drop,1.9440306657019313,0.5146271861170142,0.9300209487949058,2.9580403826089565,0.00020194528756766044,0.4624108244083906,244,0.8989408228024224,0.430051753649326,1.3678298919555187
S_complete7|XDXJ|consistent|drop,1.8143275579045144,0.9882703873917218,-0.15773529598780267,3.7863904117968312,0.07075048981839331,0.495947324203948,118,0.8998108975722274,-0.07822839797766847,1.8778501931221232
S_complete7|XDXJ|self|drop,1.8542227520777894,0.8545501723387612,0.15328318189391,3.555162322261669,0.03302539882877801,0.48575408197986486,129,0.9006962707217252,0.0744579313038289,1.7269346101396215
S8|XDXJ|consistent|keep,1.9172252740767577,0.7411647636976224,0.4532846647669917,3.3811658833865237,0.01059528251122309,0.47247226401672904,207,0.9058357658731395,0.2141644318065246,1.5975070999397545
S8|XD|self|drop,2.093742973075881,0.5613079299891529,0.9877545788744269,3.199731367277335,0.00024136062375855423,0.4353621829077923,244,0.9115365112061665,0.43003098963593755,1.3930420327763955
S|XD|consistent|drop,1.9465503533454431,0.5253787080519561,0.9108295587574329,2.9822711479334534,0.0002705890717669746,0.4730467937216216,224,0.9208094034677515,0.430865002397083,1.41075380453842
S|XDXJ|self|keep,1.9294636187884107,0.650768930522908,0.6450979476556724,3.213829289921149,0.0034503080026891506,0.4790607440096373,225,0.9243302767563032,0.30904110276301644,1.53961945074959
S8|XD|consistent|drop,2.094997041857521,0.5699310386521549,0.9714466977602023,3.2185473859548392,0.00030132658951616655,0.44581228713839544,224,0.9339754227786741,0.43308287416151736,1.4348679713958308
S_count7|XD|self|drop,0.7373379553588503,0.17680867264946287,0.38895816327529836,1.0857177474424022,4.3185236091824734e-05,1.27310329997732,244,0.9387073841658821,0.4951839212188996,1.3822308471128648
S_count7|XDXJ|consistent|keep,0.7108220196197308,0.23932129863023333,0.23811718407187737,1.1835268551675842,0.0034443603830100083,1.3467037513335376,207,0.957266680352373,0.32067330504657576,1.59386005565817
S_count7|XD|consistent|drop,0.7384297190408257,0.18028990918147592,0.3830098949561918,1.0938495431254596,6.014967978926306e-05,1.2994541307011511,224,0.9595555486400914,0.4977037901002374,1.4214073071799453
S|XDXJ|consistent|keep,2.0037530431849184,0.6859053243538389,0.6489602796246818,3.358545806745155,0.003999663512039853,0.49050103734286254,207,0.9828429462611201,0.31831569035022056,1.6473702021720198
S8|XDXJ|self|drop,2.3564422951010617,0.7240153008943164,0.9268490500346567,3.786035540167467,0.0013788726702813152,0.4378939322250706,214,1.0318717826632742,0.40586157509874704,1.6578819902278012
S_count7|XDXJ|self|drop,0.8266415669898899,0.2363254803278055,0.3600087349262761,1.2932743990535036,0.000603661392951442,1.263390825325814,214,1.044371371567981,0.45483173274301014,1.633911010392952
S|XDXJ|self|drop,2.2993729346816596,0.6788208962308627,0.9590176042585834,3.639728265104736,0.0008836810832034694,0.4613328909894021,214,1.0607763634194758,0.44242636388234263,1.6791263629566087
S8|XDXJ|consistent|drop,2.4019404833053075,0.7693168559229008,0.8815044580963092,3.922376508514306,0.0021648251930529243,0.4492413500529539,196,1.079050985466921,0.3960082528328835,1.7620937181009586
S_count7|XDXJ|consistent|drop,0.8569166305058362,0.25097561933375356,0.36090205582658175,1.3529312051850906,0.0008279105693934258,1.2923313645635324,196,1.1074202384187917,0.4664050462801505,1.7484354305574326
S|XDXJ|consistent|drop,2.356812848901113,0.7289174687402455,0.9162199769988082,3.797405720803418,0.0015130810890791734,0.47272634975841576,196,1.114127535124756,0.43312132530238623,1.7951337449471256
