characteristic,category,lgbt_main,non_lgbt
n,,278,323
Age group,,,
,18-24,64 (23.0),68 (21.1)
,25-34,116 (41.7),130 (40.2)
,35-44,49 (17.6),61 (18.9)
,45 or older,43 (15.5),54 (16.7)
Sex assigned at birth,,,
,Male,98 (35.3),135 (41.8)
,Female,171 (61.5),178 (55.1)
Education,,,
,Upper secondary or below,45 (16.2),44 (13.6)
,College,25 (9.0),28 (8.7)
,University,171 (61.5),211 (65.3)
,Postgraduate,33 (11.9),37 (11.5)
Relationship status,,,
,No partner,135 (48.6),171 (52.9)
,Partner,127 (45.7),123 (38.1)
,"Separated, divorced, or widowed",<10,<10
,Prefer not to answer,<10,20 (6.2)
Region of work,,,
,Hanoi,74 (26.6),79 (24.5)
,Ho Chi Minh City,147 (52.9),132 (40.9)
,Da Nang,23 (8.3),17 (5.3)
,Elsewhere,31 (11.2),93 (28.8)
Sexual orientation,,,
,Gay,68 (24.5),-
,Lesbian,74 (26.6),-
,Bisexual,87 (31.3),-
,Pansexual,23 (8.3),-
,"Other, questioning, or not reported",26 (9.4),-
