std_name,raw_name,description
resp_id,_id,Mã phiếu do Kobo sinh (không phải định danh cá nhân)
submit_time,_submission_time,Thời điểm nộp phiếu
age18,s1_age18,Câu S1: từ 18 tuổi trở lên
has_job,s2_has_job,Câu S2: có công việc chính tạo thu nhập
lgbt_self,c17_lgbt_self_id,Câu 17: tự nhận LGBT
orient,c16_sexual_orientation,Câu 16: xu hướng tính dục
gender_id,c15_gender_identity,Câu 15: bản dạng giới
sex_birth,c14_sex_assigned,Câu 14: giới tính khi sinh
agegrp,c1_age_group,Câu 1: nhóm tuổi
educ,c2_education,Câu 2: học vấn
relstat,c11_relationship,Câu 11: tình trạng quan hệ
region,c10_province,Câu 10: địa bàn làm việc
exper,c3_experience,Câu 3: kinh nghiệm
industry,c4_industry,Câu 4: ngành
position,c5_position,Câu 5: vị trí
emptype,c6_employment,Câu 6: quan hệ việc làm
orgtype,c8_employer_type,Câu 8: loại hình nơi làm việc
orgsize,c9_employer_size,Câu 9: quy mô nơi làm việc
socins,c7_social_insurance,Câu 7: bảo hiểm xã hội bắt buộc
hours,c13_hours,Câu 13: số giờ làm việc mỗi tuần
phqi1,c21_1,Câu 21.1: lo lắng/bồn chồn/căng thẳng (GAD-2)
phqi2,c21_2,Câu 21.2: không thể ngừng lo lắng (GAD-2)
phqi3,c21_4,Câu 21.4: ít hứng thú (PHQ-2). Bảng hỏi đặt câu này ở vị trí 4
phqi4,c21_3,Câu 21.3: buồn bã/chán nản/tuyệt vọng (PHQ-2). Bảng hỏi đặt câu này ở vị trí 3
stig1,c19_1,Câu 19.1: nói đùa/bình luận xúc phạm
stig2,c19_2,Câu 19.2: câu hỏi riêng tư không mong muốn
stig3,c19_3,Câu 19.3: bị tiết lộ/đe dọa tiết lộ
stig4,c19_4,Câu 19.4: bị loại khỏi đào tạo/phát triển
stig5,c19_5,Câu 19.5: đánh giá/lương/thăng tiến không công bằng
stig6,c19_6,Câu 19.6: phân công bất lợi
stig7,c19_7,Câu 19.7: áp lực khuôn mẫu giới
stig8,c19_8,Câu 19.8: tên gọi/đại từ/trang phục/nhà vệ sinh
conc1,c22_1,Câu 22.1: cố gắng che giấu
conc2,c22_2,Câu 22.2: tránh nói về đời sống cá nhân
conc3,c22_3,Câu 22.3: lo đồng nghiệp biết
conc4,c22_4,Câu 22.4: mệt mỏi do kiểm soát thông tin
dei1,c24_1,Câu 24.1: an toàn khi phản ánh
dei2,c24_2,Câu 24.2: quản lý tôn trọng người LGBT
dei3,c24_3,Câu 24.3: hành vi xúc phạm bị nhắc nhở/xử lý
dei4,c24_4,Câu 24.4: được dùng tên gọi/đại từ/trang phục phù hợp
